{
  "condition": "minecraft:inverted",
  "term": {
    "condition": "minecraft:alternative",
    "terms": [
      {
        "condition": "minecraft:inverted",
        "term": {
          "condition": "minecraft:alternative",
          "terms": [
            {
              "condition": "minecraft:location_check",
              "predicate": {
                "block": {
                  "tag": "kyleong_qptp:nether_portal"
                }
              }
            },
            {
              "condition": "minecraft:location_check",
              "offsetY": 1,
              "predicate": {
                "block": {
                  "tag": "kyleong_qptp:nether_portal"
                }
              }
            }
          ]
        }
      },
      {
        "condition": "minecraft:inverted",
        "term": {
          "condition": "minecraft:entity_properties",
          "entity": "this",
          "predicate": {
            "nbt": "{PortalCooldown:0,FallFlying:0b,FallDistance:0.0f}",
            "flags": {
              "is_sneaking": false,
              "is_sprinting": false
            }
          }
        }
      },
      {
        "condition": "minecraft:entity_properties",
        "entity": "this",
        "predicate": {
          "nbt": "{Health:0f}",
          "flags": {}
        }
      },
      {
        "condition": "minecraft:entity_properties",
        "entity": "this",
        "predicate": {
          "vehicle": {}
        }
      }
    ]
  }
}