{
  "type": "minecraft:block",
  "pools": [
    {
      "rolls": 1,
      "entries": [
        {
          "type": "minecraft:item",
          "name": "minecraft:enderman_spawn_egg",
          "functions": [
            {
              "function": "minecraft:copy_nbt",
              "source": "block_entity",
              "ops": [
                {
                  "source": "MinSpawnDelay",
                  "target": "EntityTag.data.MinSpawnDelay",
                  "op": "replace"
                }, 
                {
                  "source": "MaxNearbyEntities",
                  "target": "EntityTag.data.MaxNearbyEntities",
                  "op": "replace"
                }, 
                {
                  "source": "SpawnData",
                  "target": "EntityTag.data.SpawnData",
                  "op": "replace"
                },  
                {
                  "source": "MaxSpawnDelay",
                  "target": "EntityTag.data.MaxSpawnDelay",
                  "op": "replace"
                },  
                {
                  "source": "SpawnCount",
                  "target": "EntityTag.data.SpawnCount",
                  "op": "replace"
                },      
                {
                  "source": "RequiredPlayerRange",
                  "target": "EntityTag.data.RequiredPlayerRange",
                  "op": "replace"
                },    
                {
                  "source": "id",
                  "target": "EntityTag.data.id",
                  "op": "replace"
                },              
                {
                  "source": "SpawnPotentials",
                  "target": "EntityTag.data.SpawnPotentials",
                  "op": "replace"
                },   
                {
                  "source": "SpawnRange",
                  "target": "EntityTag.data.SpawnRange",
                  "op": "replace"
                },   
                {
                  "source": "Delay",
                  "target": "EntityTag.data.Delay",
                  "op": "replace"
                }
              ]
            },
            {
              "function": "set_nbt",
              "tag": "{EntityTag:{id:\"minecraft:marker\",Tags:[\"spawner\"]}}"
            },
            {
              "function": "set_name",
              "name": [
                {
                  "text": "Spawner",
                  "italic": "false"
                }
              ]
            }
          ]
        }
      ],
      "conditions": [
        {
          "condition": "minecraft:match_tool",
          "predicate": {
            "enchantments": [
              {
                "enchantment": "minecraft:silk_touch",
                "levels": {
                  "min": 1
                }
              }
            ]
          }
        }
      ]
    }
  ]
}